{"cameraMode":{"drawMode":0,"name":"Shaded","section":"Shading Mode"},"sceneLighting":true,"audioPlay":false,"sceneViewState":{"m_AlwaysRefresh":false,"showFog":true,"showSkybox":true,"showFlares":true,"showImageEffects":true,"showParticleSystems":true,"showVisualEffectGraphs":true,"m_FxEnabled":true},"in2DMode":false,"pivot":{"x":-1.5274999141693116,"y":48.488739013671878,"z":-1.2392500638961793},"rotation":{"x":0.1682218462228775,"y":-0.022113775834441186,"z":0.005405981559306383,"w":0.9866925477981567},"size":2.363119602203369,"orthographic":false}